freq;count;head;top_members
6;6;профилактика чувствительности: 5 вещей, которые можно сделать до отбеливания;профилактика чувствительности: 5 вещей, которые можно сделать до отбеливания | эрозия эмали и чувствительность зубов: причины, лечение, профилактика | чувствительность после отбеливания vs рецессия: различаем
6;6;лазером можно лечить любой кариес или есть ограничения?;лазером можно лечить любой кариес или есть ограничения? | кто лечит кариес — ортопед или терапевт? | можно ли лечить кариес лазером у детей?
5;5;когда лазер не поможет: глубокий кариес и реставрации;когда лазер не поможет: глубокий кариес и реставрации | когда лазер подходит: поверхностный и средний кариес | можно ли ставить пломбу сразу на глубокий кариес?
4;4;можно ли предотвратить хрупкость акрила?;можно ли предотвратить хрупкость акрила? | как предотвратить раскручивание? | как предотвратить пятна
3;3;самооценка: кровоточит десна — это гингивит до доказательства обратного;самооценка: кровоточит десна — это гингивит до доказательства обратного | кровоточит десна — это гингивит или пародонтит? | десна вырастет обратно сама?
3;3;помогает ли полоскание солёной водой фиксации?;помогает ли полоскание солёной водой фиксации? | помогает ли больше пить воды при вязкой слюне? | помогает ли вода или полоскания?
2;2;элайнеры для взрослых (invisalign, 3shape clarity, отечественные);элайнеры для взрослых (invisalign, 3shape clarity, отечественные) | ортодонтия для взрослых: брекеты vs элайнеры
2;2;1. отбеливание с калия-нитратом (профилактика);1. отбеливание с калия-нитратом (профилактика) | профилактика
2;2;люминары: что это технически;люминары: что это технически | технические детали установки
2;2;когда cerec не подходит;когда cerec не подходит | седация подходит детям?
1;1;зачем взрослому ровные зубы, если они «проработали» так десятилетия?;зачем взрослому ровные зубы, если они «проработали» так десятилетия?
1;1;3. низкая концентрация карбамида для домашнего ношения;3. низкая концентрация карбамида для домашнего ношения
1;1;3. протез на точных вкладках (precision attachments);3. протез на точных вкладках (precision attachments)
1;1;особенности ортодонтии у взрослых против детей;особенности ортодонтии у взрослых против детей
1;1;4. отбеливание с ионом кальция и фтором (mi);4. отбеливание с ионом кальция и фтором (mi)
1;1;хронология потери кости при периимплантите;хронология потери кости при периимплантите
1;1;люминиры выглядят неестественно толстыми?;люминиры выглядят неестественно толстыми?
1;1;как проходит лазерная дезинфекция десен;как проходит лазерная дезинфекция десен
1;1;2. led-лазер без нагрева (cold light);2. led-лазер без нагрева (cold light)
1;1;итог: рентген — союзник, а не угроза;итог: рентген — союзник, а не угроза
1;1;симптомы, требующие срочного визита;симптомы, требующие срочного визита
1;1;как проходит визит cerec по часам;как проходит визит cerec по часам
1;1;где лазер реально лучше бормашины;где лазер реально лучше бормашины
1;1;cerec-коронка хуже лабораторной?;cerec-коронка хуже лабораторной?
1;1;как устанавливают люминиры;как устанавливают люминиры
1;1;объяснение каждого шага;объяснение каждого шага
1;1;metallokeramicheskaya;metallokeramicheskaya
1;1;metallokeramicheskij;metallokeramicheskij
1;1;mikroprotezirovanie;mikroprotezirovanie
1;1;nizhnechelyustnogo;nizhnechelyustnogo
1;1;psikhologicheskaya;psikhologicheskaya
1;1;stomatologicheskiy;stomatologicheskiy
1;1;protivopokazaniya;protivopokazaniya
1;1;nizhnechelyustnoj;nizhnechelyustnoj
1;1;chuvstvitelnosti;chuvstvitelnosti
1;1;patologicheskaya;patologicheskaya
1;1;pediatricheskaya;pediatricheskaya
1;1;teleskopicheskie;teleskopicheskie
1;1;ortopedicheskoy;ortopedicheskoy
1;1;antikoagulyanty;antikoagulyanty
1;1;metallokeramika;metallokeramika
1;1;chuvstvitelnost;chuvstvitelnost
1;1;shiniruyushchij;shiniruyushchij
1;1;metallokeramiki;metallokeramiki
1;1;priparerovaniya;priparerovaniya
1;1;krovotochivost;krovotochivost
1;1;keramicheskaya;keramicheskaya
1;1;navigacionnaya;navigacionnaya
1;1;odnomomentnaya;odnomomentnaya
1;1;plastmassovaya;plastmassovaya
1;1;retinirovannyj;retinirovannyj
1;1;psikhotropnykh;psikhotropnykh
1;1;vosstanovlenie;vosstanovlenie
1;1;vosstanavlivat;vosstanavlivat
1;1;stomatologiya;stomatologiya
1;1;bezmetallovye;bezmetallovye
1;1;dezinfektsiya;dezinfektsiya
1;1;izgotovleniya;izgotovleniya
1;1;geneticheskoe;geneticheskoe
1;1;planirovaniya;planirovaniya
1;1;implantatsiya;implantatsiya
1;1;stomatologiyu;stomatologiyu
1;1;keramicheskie;keramicheskie
1;1;implantatsiej;implantatsiej
1;1;naraschivanie;naraschivanie
1;1;perebazirovka;perebazirovka
1;1;periimplantit;periimplantit
1;1;plastinochnye;plastinochnye
1;1;restavratsiya;restavratsiya
1;1;okonchatelnoy;okonchatelnoy
1;1;rekomendatsii;rekomendatsii
1;1;vnutrirotovoe;vnutrirotovoe
1;1;stomatologii;stomatologii
1;1;implantaciya;implantaciya
1;1;bisfosfonaty;bisfosfonaty
1;1;otlichaetsya;otlichaetsya
1;1;implantatsii;implantatsii
1;1;czirkonievyj;czirkonievyj
1;1;mostovidnogo;mostovidnogo
1;1;formirovatel;formirovatel
1;1;testirovanie;testirovanie
1;1;izgotovlenie;izgotovlenie
1;1;cirkonievaya;cirkonievaya
1;1;kserostomiya;kserostomiya
1;1;oslozhneniya;oslozhneniya
1;1;mostovidnomu;mostovidnomu
1;1;beremennosti;beremennosti
1;1;pterigoidnye;pterigoidnye
1;1;otbelivaniya;otbelivaniya
1;1;shinirovanie;shinirovanie
1;1;shtampovanno;shtampovanno
1;1;dokazatelnye;dokazatelnye
1;1;skanirovanie;skanirovanie
1;1;stomatologu;stomatologu
1;1;mostovidnyj;mostovidnyj
1;1;alternativy;alternativy
1;1;implantacii;implantacii
1;1;osteonekroz;osteonekroz
1;1;nakusyvanii;nakusyvanii
1;1;stomatologa;stomatologa
1;1;cirkonievye;cirkonievye
1;1;dentofobiya;dentofobiya
1;1;gnotologiya;gnotologiya
1;1;parodontite;parodontite
1;1;kompozitnye;kompozitnye
1;1;zhevatelnyh;zhevatelnyh
1;1;ortodontiya;ortodontiya
1;1;otbelivanie;otbelivanie
1;1;altsgeymera;altsgeymera
1;1;periodontit;periodontit
1;1;podvizhnost;podvizhnost
1;1;parodontoze;parodontoze
1;1;kuryashchih;kuryashchih
1;1;adaptatsiya;adaptatsiya
1;1;predrakovye;predrakovye
1;1;sostoyaniya;sostoyaniya
1;1;silikonovyj;silikonovyj
1;1;sovremennye;sovremennye
1;1;vospaleniya;vospaleniya
1;1;razrushenii;razrushenii
1;1;zhevatelnye;zhevatelnye
1;1;acetalovyj;acetalovyj
1;1;adgezivnyj;adgezivnyj
1;1;anesteziya;anesteziya
1;1;attachmeny;attachmeny
1;1;celnolitoy;celnolitoy
1;1;chastichno;chastichno
1;1;pokazaniya;pokazaniya
1;1;prizhilsya;prizhilsya
1;1;shataetsya;shataetsya
1;1;akrilovogo;akrilovogo
1;1;poseshchat;poseshchat
1;1;byugelnykh;byugelnykh
1;1;vremennaya;vremennaya
1;1;prileganie;prileganie
1;1;implantami;implantami
1;1;nejlonovyj;nejlonovyj
1;1;okklyuziya;okklyuziya
1;1;stomatolog;stomatolog
1;1;osteoporoz;osteoporoz
1;1;parodontit;parodontit
1;1;stiraemost;stiraemost
1;1;podgotovka;podgotovka
1;1;poloskanie;poloskanie
1;1;derzhitsya;derzhitsya
1;1;pnevmoniya;pnevmoniya
1;1;pokoleniya;pokoleniya
1;1;rekcessiya;rekcessiya
1;1;alginatnoy;alginatnoy
1;1;tsifrovaya;tsifrovaya
1;1;prikusnykh;prikusnykh
1;1;metabolizm;metabolizm
1;1;preparatov;preparatov
1;1;vospalenie;vospalenie
1;1;koronkovoy;koronkovoy
1;1;akrilovyj;akrilovyj
1;1;allergiya;allergiya
1;1;chelyusti;chelyusti
1;1;bazalnaya;bazalnaya
1;1;udaleniya;udaleniya
1;1;obachivat;obachivat
1;1;byugelnyj;byugelnyj
1;1;prototipy;prototipy
1;1;golovnaya;golovnaya
1;1;implantat;implantat
1;1;irrigator;irrigator
1;1;kachestvo;kachestvo
1;1;krepitsya;krepitsya
1;1;portitsya;portitsya
1;1;privyknut;privyknut
1;1;vyglyadit;vyglyadit
1;1;bruksizma;bruksizma
1;1;kitajskie;kitajskie
1;1;cirkoniya;cirkoniya
1;1;sosednego;sosednego
1;1;fiksatsii;fiksatsii
1;1;kultevaya;kultevaya
1;1;lazernaya;lazernaya
1;1;lyuminary;lyuminary
1;1;implantah;implantah
1;1;koronkami;koronkami
1;1;natirayet;natirayet
1;1;neyroseti;neyroseti
1;1;pravilnoe;pravilnoe
1;1;ustanovke;ustanovke
1;1;materialy;materialy
1;1;pokryvnoy;pokryvnoy
1;1;ustanovki;ustanovki
1;1;prikusnoy;prikusnoy
1;1;implantov;implantov
1;1;sosednikh;sosednikh
1;1;pozhilykh;pozhilykh
1;1;sravnenie;sravnenie
1;1;recessiya;recessiya
1;1;sedatsiya;sedatsiya
1;1;skulovaya;skulovaya
1;1;ortopedii;ortopedii
1;1;abatmenty;abatmenty
1;1;byugelnym;byugelnym
1;1;prisoskah;prisoskah
1;1;shablonov;shablonov
1;1;vremennye;vremennye
1;1;vremennyj;vremennyj
1;1;vypadenie;vypadenie
1;1;yaponskij;yaponskij
1;1;voprosov;voprosov
1;1;ortopedu;ortopedu
1;1;visochno;visochno
1;1;atrofiya;atrofiya
1;1;chelyust;chelyust
1;1;mudrosti;mudrosti
1;1;koronkoj;koronkoj
1;1;bruksizm;bruksizm
1;1;klammery;klammery
1;1;cherneet;cherneet
1;1;ciprovoy;ciprovoy
1;1;cirkonij;cirkonij
1;1;lechenie;lechenie
1;1;gingivit;gingivit
1;1;immediat;immediat
1;1;saharnom;saharnom
1;1;implanty;implanty
1;1;shtushka;shtushka
1;1;implante;implante
1;1;pravilno;pravilno
1;1;verhnemu;verhnemu
1;1;material;material
1;1;vzroslym;vzroslym
1;1;kandidoz;kandidoz
1;1;prichiny;prichiny
1;1;klammera;klammera
1;1;koncevoj;koncevoj
1;1;dioksida;dioksida
1;1;peredniy;peredniy
1;1;skololas;skololas
1;1;kostnaya;kostnaya
1;1;plastika;plastika
1;1;sohranit;sohranit
1;1;acrifree;acrifree
1;1;obtochka;obtochka
1;1;ogolilas;ogolilas
1;1;smykanie;smykanie
1;1;vzroslyh;vzroslyh
1;1;terapevt;terapevt
1;1;otkrytyy;otkrytyy
1;1;otlichit;otlichit
1;1;natiraet;natiraet
1;1;adenitya;adenitya
1;1;potemnel;potemnel
1;1;prikusil;prikusil
1;1;zhestkom;zhestkom
1;1;babochka;babochka
1;1;zhevanii;zhevanii
1;1;vypadaet;vypadaet
1;1;obtachki;obtachki
1;1;obtochki;obtochki
1;1;nizhnikh;nizhnikh
1;1;perednih;perednih
1;1;pozhilyh;pozhilyh
1;1;skrining;skrining
1;1;ogolenie;ogolenie
1;1;sendvich;sendvich
1;1;nagruzki;nagruzki
1;1;stomatit;stomatit
1;1;totalnoe;totalnoe
1;1;vinirami;vinirami
1;1;polostyu;polostyu
1;1;prikusov;prikusov
1;1;vliyanie;vliyanie
1;1;perednie;perednie
1;1;organizm;organizm
1;1;alkogol;alkogol
1;1;zdorove;zdorove
1;1;polosti;polosti
1;1;syomnym;syomnym
1;1;sustava;sustava
1;1;kostnoj;kostnoj
1;1;koronki;koronki
1;1;plomboy;plomboy
1;1;koronku;koronku
1;1;denture;denture
1;1;chistit;chistit
1;1;luchshe;luchshe
1;1;implant;implant
1;1;polezno;polezno
1;1;otoshla;otoshla
1;1;eroziya;eroziya
1;1;galitoz;galitoz
1;1;hrustit;hrustit
1;1;vizitov;vizitov
1;1;kurenii;kurenii
1;1;diabete;diabete
1;1;zubnaya;zubnaya
1;1;koronka;koronka
1;1;zubnuyu;zubnuyu
1;1;schetku;schetku
1;1;vkladki;vkladki
1;1;kislaya;kislaya
1;1;zubnogo;zubnogo
1;1;kraevoe;kraevoe
1;1;vkladka;vkladka
1;1;kurenie;kurenie
1;1;lazerno;lazerno
1;1;kariesa;kariesa
1;1;analiza;analiza
1;1;snimkov;snimkov
1;1;nizhnij;nizhnij
1;1;ortoped;ortoped
1;1;koronok;koronok
1;1;pochemu;pochemu
1;1;polnaya;polnaya
1;1;iznutri;iznutri
1;1;shablon;shablon
1;1;privkus;privkus
1;1;metalla;metalla
1;1;skripit;skripit
1;1;tresnul;tresnul
1;1;pitanie;pitanie
1;1;rentgen;rentgen
1;1;payanyj;payanyj
1;1;lifting;lifting
1;1;delayut;delayut
1;1;sluzhit;sluzhit
1;1;gustaya;gustaya
1;1;snyatie;snyatie
1;1;ottiska;ottiska
1;1;sluzhby;sluzhby
1;1;vinirov;vinirov
1;1;syonmyj;syonmyj
1;1;temneet;temneet
1;1;zubnymi;zubnymi
1;1;verhnij;verhnij
1;1;verhniy;verhniy
1;1;vzglyad;vzglyad
1;1;shtifte;shtifte
1;1;protoko;protoko
1;1;prikusa;prikusa
1;1;zolotye;zolotye
1;1;udalyat;udalyat
1;1;nomeram;nomeram
1;1;metall;metall
1;1;artrit;artrit
1;1;menyat;menyat
1;1;stavit;stavit
1;1;semnyj;semnyj
1;1;zamkah;zamkah
1;1;zubnye;zubnye
1;1;cherez;cherez
1;1;skolko;skolko
1;1;vokrug;vokrug
1;1;vredno;vredno
1;1;dizayn;dizayn
1;1;ulybki;ulybki
1;1;straha;straha
1;1;opuhla;opuhla
1;1;diabet;diabet
1;1;plyusy;plyusy
1;1;minusy;minusy
1;1;opuhol;opuhol
1;1;zubnoy;zubnoy
1;1;klyuch;klyuch
1;1;zhizni;zhizni
1;1;chasto;chasto
1;1;semnye;semnye
1;1;semnym;semnym
1;1;vybrat;vybrat
1;1;kalcij;kalcij
1;1;viniry;viniry
1;1;slyuna;slyuna
1;1;defekt;defekt
1;1;korega;korega
1;1;zubnyh;zubnyh
1;1;otzyvy;otzyvy
1;1;zhivoj;zhivoj
1;1;temnee;temnee
1;1;cersec;cersec
1;1;mozhno;mozhno
1;1;nejlon;nejlon
1;1;odnogo;odnogo
1;1;shejka;shejka
1;1;prikus;prikus
1;1;bolezn;bolezn
1;1;nuzhno;nuzhno
1;1;plomba;plomba
1;1;vypala;vypala
1;1;scheku;scheku
1;1;bazise;bazise
1;1;pyatna;pyatna
1;1;novogo;novogo
1;1;pulpit;pulpit
1;1;kornya;kornya
1;1;remont;remont
1;1;mezhdu;mezhdu
1;1;narkoz;narkoz
1;1;byugel;byugel
1;1;slepki;slepki
1;1;massoy;massoy
1;1;sistem;sistem
1;1;strakh;strakh
1;1;stress;stress
1;1;suhost;suhost
1;1;ulibka;ulibka
1;1;mostom;mostom
1;1;zubami;zubami
1;1;plombe;plombe
1;1;sustav;sustav
1;1;metody;metody
1;1;polnom;polnom
1;1;chasti;chasti
1;1;zachem;zachem
1;1;nuzhny;nuzhny
1;1;vysota;vysota
1;1;nuzhen;nuzhen
1;1;zamena;zamena
1;1;zubnoj;zubnoj
1;1;tkani;tkani
1;1;bolit;bolit
1;1;posle;posle
1;1;delat;delat
1;1;bolno;bolno
1;1;crown;crown
1;1;desna;desna
1;1;zubov;zubov
1;1;takoe;takoe
1;1;emali;emali
1;1;etapy;etapy
1;1;first;first
1;1;visit;visit
1;1;fluks;fluks
1;1;desne;desne
1;1;desny;desny
1;1;paste;paste
1;1;desen;desen
1;1;vnchs;vnchs
1;1;vypal;vypal
1;1;sroki;sroki
1;1;snyat;snyat
1;1;litso;litso
1;1;kakie;kakie
1;1;kappy;kappy
1;1;pered;pered
1;1;ryada;ryada
1;1;koren;koren
1;1;desnu;desnu
1;1;vizit;vizit
1;1;akril;akril
1;1;kakoj;kakoj
1;1;sheku;sheku
1;1;balke;balke
1;1;ploho;ploho
1;1;tsvet;tsvet
1;1;kitae;kitae
1;1;apnoe;apnoe
1;1;schel;schel
1;1;zubom;zubom
1;1;sinus;sinus
1;1;hodit;hodit
1;1;stoit;stoit
1;1;preyt;preyt
1;1;titan;titan
1;1;ukhod;ukhod
1;1;vinir;vinir
1;1;nosit;nosit
1;1;yazyk;yazyk
1;1;zapah;zapah
1;1;gniet;gniet
1;1;kamen;kamen
1;1;nalet;nalet