протезы без неба;3887
зубные протезы без неба;2033
съемные протезы без неба;1840
верхний протез без неба;1427
протез без неба цена;1088
протезы верхней челюсти без неба;951
верхний съемный протез без неба;875
съемные зубные протезы без неба;834
зубные протезы без неба цены;761
новый протез без неба;731
протезы нового поколения без неба;710
новейшие зубные протезы без неба;634
зуб протезы без неба;618
зубные протезы нового поколения без неба;613
челюсть без неба съемный протез;593
протез нового поколения без неба цена;561
зубные протезы нового поколения без неба цена;539
новейшие зубные протезы без неба цена;539
протез на верхнюю челюсть съемный без неба;528
верхний зубной протез без неба;456
полные протезы без неба;338
протезы без неба фото;327
протез верхний без неба цена;325
съемные протезы без неба цена;311
протезы без неба при полном отсутствии;302
верхний протез зубов без неба;297
верхний съемный зубной протез без неба;294
съемные протезы зубов без неба;255
верхний протез без неба фото;251
съемный протез без неба фото;225
верхний съемный протез без неба цена;216
протез верхней челюсти без неба цена;214
протез без неба отзывы;212
верхний съемный протез без неба фото;198
зубные протезы верхней челюсти без неба;187
протезы на присосках без неба;178
зубной протез без неба при полном;178
протез зубов верхней челюсти без неба;171
зубные протезы без неба при полном отсутствии;169
протезы без неба цена фото;168
полный съемный протез без неба;164
зубные протезы без неба фото;158
полный верхний протез без неба;155
протезы без неба сэндвич;154
верхние протезы без неба цена фото;149
протез без неба цена отзывы;144
какие протезы без неба;141
протез верхней челюсти без неба фото;132
полный съемный протез зубов без неба;125
съемный верхний протез зубов без неба;121
зубной протез без неба отзывы;120
верхний зубной протез без неба фото;111
съемные зубные протезы без неба цена;110
протезы без неба цена на присоске;110
частичный протез без неба;105
верхний зубной протез без неба цена;102
современные протезы без неба;100
съемные зубные протезы без неба фото;99
хорошие протезы без неба;93
съемный протез без неба отзывы;90
полный верхний съемный протез без неба;85
протезы без имплантов без неба;85
верхний съемный зубной протез без неба фото;82
зубные протезы без неба цены и отзывы;80
протезы без неба цена фото зубные;79
какие зубные протезы без неба;77
протезы зубов без неба цена;76
присоски зубные протезы без неба;75
верхние зубные протезы без неба цена фото;72
современные зубные протезы без неба;71
какие протезы без неба лучше;70
съемный протез сэндвич без неба;69
протезы без неба спб;69
съемный протез без неба новые;67
зубной протез съемный без неба верхний цена;67
протезы без неба цена фото отзывы;65
сэндвич протез нового поколения без неба;63
лучшие съемные протезы без неба;62
протез без неба цена спб;61
как выглядит протез без неба;61
зубные протезы без неба в спб;59
новые протезы без неба спб;58
частичный съемный протез без неба;53
какие лучше съемные протезы без неба;51
протезы без неба нижняя;50
сколько стоит протез без неба;49
съемные зубные протезы без неба отзывы;48
современные съемные зубные протезы без неба;47
съемные протезы нового поколения без неба;46
бюгельные протезы без неба;45
полный съемный зубной протез без неба;44
современные съемные зубные протезы без неба новинки;44
съемные протезы зубов без неба цены;43
протезы без неба москва;43
полный верхний зубной протез без неба;43
лучшие съемные зубные протезы без неба;41
как выглядят съемные протезы без неба;39
протез нового поколения без неба отзывы;39
сэндвич протезы без неба цена;39
зубные протезы без неба москва;38
новые съемные зубные протезы без неба;37
протезы без неба цена в москве;35
верхний зубной протез без неба отзывы;35
частичный зубной протез без неба;31
полный съемный протез без неба цена;31
есть ли зубные протезы без неба;29
зубные протезы нового поколения без неба фото;28
фото протезов зубов без неба;28
есть ли верхние протезы без неба;27
нейлоновые протезы без неба;26
как выглядят зубные протезы без неба;24
акриловый протез без неба;22
присоски зубные протезы современные без неба;22
виды зубных протезов без неба;21
верхний протез зубов без неба фото;21
протезы зубные съемные новые технологии без неба;21
съемный протез без неба новые технологии;21
есть ли съемные протезы без неба;20
несъемный протез без неба;20
верхний протез зубов без неба цена;20
сэндвич протез нового поколения без неба цена;19
съемный протез без неба сэндвич цена;19
андреевские протезы без неба;17
съемные протезы зубов без неба фото;16
неспадающий протез без неба что это;16
мягкие протезы без неба;16
как держится съемный протез без неба;15
мягкие зубные протезы зубов без неба;12
виды съемных протезов без неба;10
протез без неба на верхнюю челюсть сэндвич;10
протез акри фри без неба;10
андреевские съемные протезы без неба;9
сендвич без неба протез;8
бывают ли протезы без неба съемными;5
протез без неба на верхнюю челюсть гибкий;5