мягкие зубные протезы;1151
мягкие съемные зубные протезы;236
мягкие зубные протезы отзывы;88
мягкие нижние зубные протезы;64
мягкие зубные протезы что это такое цена;57
мягкий зубной протез купить;56
зубной протез мягкое небо;54
мягкий верхний зубной протез;52
мягкий протез зубной отзывы цена;45
мягкие зубные протезы зубов;42
мягкие силиконовые зубные протезы;42
фото мягких протезов зубных;37
зубной протез съемный нижний мягкий;35
есть ли мягкие зубные протезы;31
мягкий зубной протез на верхнюю челюсть;30
мягкий зубной протез на нижнюю челюсть;29
мягкий съемный зубной протез цена;23
сколько стоит мягкий протез зубной;23
мягкая перебазировка зубных протезов;22
мягкие зубные протезы отзывы пациентов;20
мягкие прокладки для зубных протезов нижние;20
мягкая силиконовая прокладка для зубных протезов;18
мягкие прокладки на зубные протезы;16
мягкая пластмасса для зубных протезов;16
мягкие зубные протезы зубов без неба;12
мягкий силикон для зубных протезов;8
что значит мягкий протез зубной;8
мягкие зубные протезы дефлекс;6
зубные протезы на мягкой основе;5