бесплатна ли консультация ортопеда при начале лечения;55
сколько месяцев очередь на протезирование по омс;53
сколько дней изготавливают постоянные коронки в лаборатории;51
портится ли щетка с жесткой щетиной для протезов;43
почему идеальное прилегание коронки так важно для десны;37
протез сэндвич что это такое;34
зубная паста для протезов;33
зубной протез сэндвич что это такое;31
телескопические коронки;30
протез сэндвич;30
сэндвич протезы зубные что такое;24
бесплатное протезирование бесплатно;22
потеря зубов алкоголик;21
зубная паста для протезов съемных какая лучше;18
патологическая стираемость зубов мкб 10;16
срок службы виниров;16
телескопическая коронка;14
съёмный протез на верхнюю челюсть какой лучше выбрать;14
стираемость зубов по мкб 10;14
таблетки для очистки зубных протезов какие лучше;12
может ли окраситься белый протез от кофе или чая;12
коронка из хрома;12
протез сэндвич что это;11
протезирование зубов по омс;11
прикусные шаблоны;11
бесплатное протезирование зубов кому положено;10
прикусной шаблон;10
стираемость зубов мкб 10;10
протезирование по омс;10
зубная паста для протезов съемных;9
ставят ли коронки по омс;9
повышенная стираемость зубов мкб 10;9
сэндвич протезы зубные;9
имплантация зубов по квоте;9
как долго носят виниры;9
в чем разница между осстем и штрауман;8
вставные зубы цвет 2;8
зубная паста для съемных протезов;8
влияние алкоголя на слизистую под протезом;8
растворимые таблетки для очистки протезов как действуют;8
на сколько лет ставят виниры на зубы;8
виниры гарантия;8
потемнение композита со временем;8
разница между платным и бесплатным протезом;8
протезирование зубов по полису омс бесплатно нижний новгород;8
мзп в стоматологии;8
что такое протез сэндвич;8
зубной протез сэндвич отзывы;8
сэндвич протез;7
имплантация зубов по омс возможна ли;7
почему алкоголики теряют зубы и волосы;7
можно ли кипятить съемный пластиковый протез дома хэйхэ восточно центральная 252 254;7
цвет керамики для зубов;7
мкб 10 стираемость зубов;7
квота на протезирование зубов кому положена;7
бюгельный протез с замковой фиксацией;7
в чем разница между осстем и штрауман хэйхэ восточно центральная 252 254;7
бесплатные импланты инвалидам;7
протез сэндвич как крепится;7
чем обработать полость рта от повреждения зубных протезов;7
можно ли протезировать зубы по полису омс бесплатно;7
съемный протез из термопластического материала;6
бесплатное протезирование зубов для пенсионеров в нижнем новгороде;6
очищающие таблетки для зубных протезов какие лучше;6
вставляют ли зубы бесплатно по полису омс;6
трещина зуба мкб;6
какие импланты делают по льготам?;6
как получить по омс импланты зубов?;6
портят ли чистящие таблетки материал съемного протеза;6
протез сэндвич фото;6
можно ли поставить имплант бесплатно;6
квота на имплантацию зубов кому положена;6
розовая керамика на протезах для маскировки десны;6
срок службы керамических виниров;6
зубная паста для пластмассовых протезов;6
кто имеет право на бесплатное протезирование зубов;6
сколько держатся виниры;6
лучше mis тли shtrauman;6
цветовая гамма зубов при протезировании;6
почему пьющие люди быстро стареют и теряют зубы;6
потеря зубов от алкоголизма;6
имплантаты osstem для протезирования сравнение;6
паста для зубных протезов;6
сэндвич протез нового поколения без неба отзывы;6
квота на протезирование зубов;6
бесплатное протезирование зубов кому положено в россии;6
зубной протез сэндвич;5
зубная паста для съемных протезов какая лучше;5
паста для чистки зубных протезов;5
бесплатное протезирование;5
микропротез;5
съемный протез сэндвич;5
можно ли поставить зубные протезы бесплатно по полису омс;5
очередь на бесплатное протезирование;5
зубные протезы сэндвич;5
сколько держатся виниры на зубах;5
сэндвич зубы протезирование;5
съемный протез с замковой фиксацией;5
двухслойный базисный протез;5
импланты инвалидам;5
подготовка к протезированию зубов по полису омс;5
зубная паста для акриловых протезов;5
можно ли зубные протезы оставлять на ночь в растворе кореги;5
импланты по омс;5
болят зубы после белого вина;5
зубной протез сэндвич что это;5
стираемость зубов по мкб;5
можно ли получить квоту на протезирование зубов;5
виниры сколько служат;5
протезирование по омс что входит;5
виниры на сколько лет;5
зубная паста colgate total 12 gel имеет ли в составе абразивность и можно ли использовать для чистки съемных зубных протезов;5
при постановке сдвоенных циркониевых коронок видна щель в десне между ними;5
зубы по номерам;5
имплант сэндвич;5
можно ли поставить зубные протезы по омс;5
съёмный протез сэндвич;5
квота на лечение зубов как получить;5
прикусил щеку изнутри образовался шарик белый чем лечить;5
прототипы в стоматологии;5
какие таблетки больше подходят для чистки про езов где присутствует металлические конструкции;5
можно ли взять квоту на протезирование зубов;5
мзп в стоматологии расшифровка;5
сухость во рту после алкоголя;5
кому положено бесплатное протезирование зубов в россии в 2026 году;4
можно ли чистить зубные протезы в ультразвуковой ванне;4
какие таблетки для чистки зубных протезов лучше;4
сколько служат виниры;4
как долго держатся виниры на зубах;4
рейтинг таблеток для очистки зубных протезов;4
съемный протез сэндвич цена отзывы и фото;4
какие вопросы задать ортопеду на консультации;4
можно ли оставлять в растворе протефикс зубные протезы на ночь;4
какой зубной пастой лучше чистить зубные протезы съемные пластмассовые;4
телескопическая корона;4
средства для очистки зубных протезов какие лучше;4
окклюзия это;4
мкб стираемость зубов;4
протезы по омс;4
цвет зубов а2 это хорошо или плохо;4
съёмные зубные протезы в государственной поликлинике;4
можно ли чистить зубные протезы перекисью водорода;4
сэндвич протез отзывы;4
сколько держатся композитные виниры;4
прототип в стоматологии;4
виниры на всю жизнь или нет;4
как часто менять виниры;4
виниры срок службы;4
могут ли крошиться зубы от стресса;4
какие коронки ставят по омс;4
таблетки для зубных протезов какие лучше очищения;4
ставят ли пластиковые коронки по омс;4
стираемость мкб;4
можно ли чистить протезы зубов перекисью водорода;4
ии-сегментация анатомии;4
протез сэндвич что;4
может ли окраситься белый протез от кофе или чая хэйхэ восточно центральная 252 254;4
импланты бесплатно;4
имплант бабочка для зубов плюсы и минусы;4
мост при отсутствии одного зуба;4
что такое зубной протез сэндвич;4
имплантация зубов в нижнем новгороде по полису омс;4
протез сэндвич отзывы;4
на сколько ставят виниры;4
протезирование зубов xn----7sbbbniztdivcb0bpd8sma.xn--p1ai;4
зубное протезирование по омс;4
как почистить зубной протез от грибка;4
паста для протезов зубных;4
керамические вкладки inlay и onlay отличия хэйхэ восточно центральная 252 254;4
шина на зубы для шатающихся зубов плюсы и минусы;4
таблетки для очищения зубных протезов какие лучше выбрать отзывы;4
бабочка протез;4
сэндвич протез в курске;4
стираемость зубов мкб;4
вставить зубы в нижнем новгороде по омс;4
сэндвич® - протез нового поколения без неба;4
можно ли не делать перебазировку зубов;3
бесплатное зубное протезирование;3
хром коронки;3
можно делать кт и мрт при имплантах зубов;3
можно ли взять квоту на протезирование зубов дистанционно;3
протезирование зубов бесплатно кому положено;3
почему после алкоголя болят зубы;3
вопросы стоматологу ортопеду;3
какие манипуляции стоматологические можно делать пенсионеру бесплатно;3
можно ли дегтярным мылом мыть зубной протез;3
протезирование зубов по омс возможно ли;3
в растворе каких таблеток корега можно оставлять зубной протез с металлическими скобами на ночь;3
ставят ли импланты по омс;3
как можно протезировать зубы в россии по омс бесплатно;3
делают ли коронки по омс;3
цвет зубов по шкале;3
адгезивный мост отзывы;3
какая зубная паста от налёта для протезов;3
паста корега вредная;3
определения прикуса и центрального соотношение зубов при примерки прикусных шаблонов;3
надо ли менять виниры со временем;3
после чистки зубов дома на ночь.идёт кислая слюна;3
бесплатное лечение кариеса в нижнем новгороде;3
протез сэндвич отзывы пациентов цена;3
срок виниров;3
какие льготы бывают в стоматологии;3
фото именно 2 ои тон цвет протезов зубов;3
сколько по времени держится винир;3
какие таблетки для очищения зубных протезов лучше;3
фото съёмных зубных протезов по цвету показать;3
нумерация зубов у детей;3
если место между коронкой и десной образовалась щель что делать;3
сэндвич зубной протез нового поколения;3
льготная имплантация зубов кому положена;3
очередь на протезирование зубов;3
ставят ли коронки по полису омс;3
протезирование зубов в нижнем новгороде недорого и по омс;3
делают ли протезирование зубов по омс;3
можно ли бесплатно вставить зубы по полису омс;3
что такое прикусной валик в стоматологии;3
через сколько лет нужно менять виниры;3
чем отличается зубной протез кандилор от обычного;3
как получить квоту на протезирование зубов;3
какой физраствор нужен для ультразвуковой ванночки для чистки зубных протезов;3
могут ли воспалиться десны от алкоголя;3
что значит телескопы в протезировании;3
искусственная десна;3
виниры на сколько лет устанавливаются;3
когда нужно менять виниры;3
прикус на жестком базисе;3
что такое сэндвич протезы зубные;3
коронка не плотно прилегает к зубу;3
подвижная коронка на импланте;3
какие вопросы по работе можно задать стоматологу;3
кому положена квота на протезирование зубов;3
хлоргексидин для зубных протезов как использовать;3
какие вопросы можно задать администрации стоматологии ортопедической;3
как встать в очередь на бесплатное протезирование зубов;3
какой пастой чистить зубные протезы;3
избежать воспаление слизистой после употребления алкоголя;3
госпрограмма льготной имплантации зубов в перми;3
убивает ли бактерии во рту алкоголь;3
влияние алкоголя на слизистую под протезом хэйхэ восточно центральная 252 254;3
бюджетные импланты китай;3
сьемный протез «сэндвич» характеристика;3
по квоте кто может оформить протезирование зубов;3
протез бабочка;3
osstem сравнение импланты;3
сэндвич зубной протез;3
виниры для зубов срок службы;3
чем чистить зубные протезы зубной пастой или таблетками;3
что значит цвет зубов чуть белее белого протезирование;3
коронка по омс на зуб;3
если клиент говорит стоматологу ортопеду можно в дальнейшем обращаться к вам то врач отвечает да это хорошо;3
можно ли бесплатно поставить коронки на зубы по полису омс;3
омс имплантация;3
если стоят коронки что может не так показать кт;3
можно ли вставить зубы по омс;3
черемхово стоматология, какие цвета,оттенки зубных протезов есть?;3
сэндвич протез на верхнюю челюсть;3
ставят ли коронку по омс;3
перекись водорода для чистки не сьемного зубного протеза;3
чистка зубных протезов в ультразвуковой ванночке;3
можно ли бесплатно в порядке очереди в стоматологической городской поликлинике вставить зубы девушке в 35 лет;3
делают ли имплантацию зубов в государственной поликлинике;3
можно ли по омс установить импланты;3
кто имеет право на бесплатное протезирование зубов а тольятти;3
цвет искусственных зубов 2а;3
почему после пьянки болят зубы;3
съемный протез сэндвич что это такое фото и цена;3
на сколько лет ставят виниры;3
внутриротовой сканер atlas-diagnostics.ru;3
как часто можно протезироваться по бесплатно;3
квоты на импланты;3
протезы сэндвич отзывы и цены;3
можно ли поставить импланты по полису омс бесплатно;3
таблетки для чистки зубных протезов рейтинг;3
имплант зуба можно установить по квоте;3
протезирование зубов в нижнем новгороде по полису омс;3
можно ли зубной протез держать в водном растворе фурацилина и сколько времени;3
можно ли сделать протезирование зубов по полису омс бесплатно;3
какие таблетки для очищения зубных протезов считаются хорошими?;3
мкб 10 патологическая стираемость зубов;3
какие эмоции испытывают пациенты при снятии коронок;3
паста для чистки зубных протезов съемных;3
протезирование зубов по полису;3
можно ли съемный протез сделать по омс;3
можно ли замочить протез зубной с хлоргексидином;3
шина гаврилова — съёмная шина с базисом и кламмерами. постоянная, сочетает шинирующий и замещающий эффект, но также нарушает речь и сложна для гигиены;3
больно ли снимать временную коронку;3
можно ли чистить съемный зубной протез детской пастой с 3х лет с фторидами;3
протезы сэндвич отзывы;3
как долго служат виниры;3
почему после алкоголя длительности вяжет во рту и зубах;3
кому можно вставлять зубы бесплатно;3
бесплатное зубопротезирование кому положено;3
болят зубы после алкоголя;3
почему сухость слизистой при запое;3
как сделать имплантацию зубов бесплатно;3
делают ли бесплатно коронки на зубы;3
корейские импланты или mis;3
керамические виниры сколько лет держатся;3
делают ли импланты по омс;3
прикусной валик в стоматологии;3
срок службы виниров на зубы;3
импланты mis израиль отзывы . сравнение с корейскими оsstem.;3
бесплатная имплантация;3
паста для зубных протезов съемных;3
что такое прототип в стоматологии;3
как получить квоту на имплантацию зубов;3
можно ли поставить зубной имплант по омс;3
паста зубная есть для протезы;3
бесплатное протезирование зубов в копьево;3
коронка для инвалида;3
закусы на щеках внутри;3
протезирование зубов для пенсионеров по полису омс;3
для чего нужен раствор для протезированных съемных зубов;3
коронки на зубы по омс;3
как проверяют прикус при примерке воскового валика;3
не разрушают ли шипучие таблетки корега полусьемный протез;3
бюгельное протезирование с замковой фиксацией;3
цвет металлокерамики зубов по номерам при протезировании;3
какая щубная паста рекоменлуетмя для щубнвх протезов кратко;3
шкала цвета зубов при протезировании;3
какой врач может дать справку на протезирование зубов;3
мк аттачмен для бюгельного протеза;3
можно ли по омс поставить коронку;3
можно ли поставить имплант зуба по омс;3
должен ли быть зазор между десной и коронкой;3
нет среднего зуба в переди,можно ли поставить бабочку на двух коронках;3
срок годности виниров;3
нейтрально теплый цвет кожи какой цвет зубов лучше подойдет;3
через сколько нужно менять виниры;3
виниры сколько держатся на зубах;3
на какой срок ставят виниры;2
как приготовить раствор для дезинфекции зубных протезов;2
какой цвет зубов выбрать а1 или а2;2
бесплатная экспертиза протезирования зубов;2
к-а какие таблетки лучше купить для обработки зубных протезов от грибков;2
сколько заживает щека внутри рта после прикуса;2
прикусной шаблон в стоматологии это;2
чем можно заменить таблетки для чистки зубных протезов;2
ставят ли коронки на зубы бесплатно;2
что дешевле мост или коронка;2
можно ли чистить акриловый зубной протез в ультразвуковой ванне мощностью 120 вт;2
надкусил щеку изнутри образовалась шишка;2
зубы вставные по омс;2
адгезивный мост на 1 зуб;2
паста для зубных протезов несъемных лучшая;2
почему рушатся зубы от алкоголя;2
сколько стоит имплант по омс;2
чем можно отбелить съемные зубные протезы от минеральной железноводской воды;2
нить не полазит до конца между коронкой и зубом;2
как подобрать по цвету съемные протезы;2
с какой группой инвалидности бесплатно вставляют зубные протезы;2
таблеткой диоксида кремния можно ли чистить зубы;2
алкоголь влияет на зубную боль;2
цементный зазор на коронках какой;2
мои можно ли сделать протезы зубов по мед полису;2
паста для десен при ношении протезов;2
можно ли использовать таблетки корега для съемных пластинок у детей;2
таблетки для протезов чем заменить;2
какие щетки и паста нужны для съемных протезов;2
делают ли коронки государственных стоматологиях;2
можно ли держать акриловый протез на ночь в створе с таблетками корега;2
а можно со съёмными протезами курить;2
двухстворчатый механический протез мединж n25 из mini j стоимость;2
прикус щеки изнутри что делать;2
как алкоголь влияет на зубы;2
чем растворить порошок для перебазировке зубных протезов;2
если коронка не зашла под десну;2
у меня вставные зубы. съёмные и не съёмные. какую пасту выбрать для ухода за ними и дёснами. самую качественную?;2
имплантация зубов по социальной программе как понять;2
мзп это в стоматологии;2
съемные протезы бывают ли они белоснежно белым цветом;2
чем отличается платное протезированиезуб;2
если прикреплен к стоматологической поликлинике , то протезирование зубов насколько дешевле ?;2
мкб 10 стираемости зубов;2
есть ли бесплатное протезирование зубов;2
зубная паста для зубных протезов съемных;2
можно ли обработать бюгельный протез хлоргексидином;2
двухстворчатый механический протез мединж n25 из mini j отзывы;2
какой пастой чистить протезы;2
можно ли чистить зубной протез содой;2
как подобрать цвет зубов при протезировании металлокерамикой;2
в каких стоматологических клиниках можно лечит бесплатно зубы по медицинскому полису в нижнем новгороде и протезировать?;2
съемный протез нового поколения сэндвич;2
как часто ослабляется затяжка коронки на импланте;2
цветовая гамма зубов при протезировании серая;2
отбеливающие таблетки для зубных протезов какие лучше;2
можно ли вставную челюсть чистить в ультразвуковой ванночки;2
можно ли поставить импланты зубов по квоте;2
какой крем лучше для зубных протезов корега или протефикс отзывы врачей стоматологов и пациентов;2
альтернатива съемному протезу;2
средство для чистки зубных протезов в домашних условиях лучшее;2
какая гарантия на виниры;2
имплантация зубов по омс;2
нет одного переднего зуба мост лучше ставить на 3 зуба а остальные закрыть коронками или сразу мост на всн;2
съемные сэндвич протезы как крепятся;2
оттенков по шкале vita (a2, a3, a3.5, а4, b2, c2, оа3;2
16 зуб это какой;2
какие таблетки для зубных протезов можно замачивать на ночь;2
какие виниры служат всю жизнь;2
по омс протезирование должны выдать договор и план лечения?;2
зубная паста для чистки зубных протезов;2
можно ли бесплатно поставить коронки на зубы;2
цена от тепла тела силиконовыесьемные протезы;2
капа для зубов по омс;2
надо ли замачивать на ночь зубные протезы;2
протезирование зубов по льготе кому положено;2
сэндвич зубов;2
цвет зубных протезов как выбрать правильно;2
выкрутился винт из импланта что делать;2
можно ли сделать протез на один зуб;2
телескопические коронки это;2
сколько можно держать зубные протезы в растворе корега;2
таблетки корега или айсдент что лучше для акриловых протезов;2
какая зубная паста лучше для протезов;2
при каких условиях делается бесплатная замена крамических зубов;2
какой зубной пастой лучше чистить зубные протезы съемные;2
какую коронку предлагабт в гос поликлиники;2
алкоголь и слюна;2
деньа фикс хорошиетли очтщение протезов;2
как вставить зубы бесплатно;2
как протезирование частичное, цвет зубов среднестатистический;2
таблетки для зубных протезов какие лучше;2
съемный протез без неба сэндвич это;2
геска аппарат можно ли применять при эн дб опротезе;2
льготная имплантация зубов в нижнем новгороде;2
плюсы металлопластмассовой коронки;2
стоматологическая шкала цвета зубов;2
ставят ли в тамбове зубной сэндвич протез;2
нужно ли после замачивания протезов с таблетками для очищения дополнительно почистить их щеткой;2
ставят ли имплант по омс;2
чистят ли протезы ультразвуком;2
мзп расшифровка в стоматологии;2
сколько ждать очереди для бесплатного протезирование;2
почему раскручивается винт в коронке на импланте хэйхэ восточно центральная 252 254;2
после спиртного воспаляется во рту;2
может ли протез перекрыть слюнную протоку;2
можно ли замочить протез зубной с добавлением перекиси водорода;2
может ли алкоголь влиять на боль в зубе;2
телескопические коронки и протез форум;2
регистрация прикуса в стоматологии что это;2
после алкоголя болят зубы;2
как понять номер зуба как выучить;2
шкала цвета зубов;2
трещина корня зуба мкб 10;2
сколько служат виниры на зубах и что потом;2
как получить квоту на протезирование;2
сколько служит композитное покрытиеина зубах;2
по каким зубам выбирать оттенок коронки.;2
чистка зубных протезов хлоргексидином;2
социальная имплантация в нижнем новгороде;2
протез сэндвич цена;2
как через квоту сделать зубы так как осталось четыре зуба;2
социальная имплантация зубов нижний новгород;2
съемный протез на один 12 зуб, плюсы и минусы, как это выглядит;2
можно ли поставить коронки по омс бесплатно;2
что такое асептическая жидкость для зубных протезов;2
импланты по квоте;2
сэндвич протезы зубные отзывы цена фото;2
в очистителе протефикс для зубных протезов можно промывать металлические части коронки?;2
прикусной шаблон в стоматологии;2
зубной врач ортопед для кого бесплатный;2
льготное протезирование зубов кому положено;2
как бесплатно сделать зубы;2
нужно ли менять виниры в течении жизни;2
сколько длится консультация стоматолога ортопеда;2
нужно ли менять виниры через время;2
из какого материала делают зубные протезы съемные бесплатные;2
какие зубные протезы делают по омс;2
делают ли имплантацию зубов по омс;2
ребёнок прикусил щёку и теперь это грызёт чем можно;2
подбор цвета для зубов;2
изготовления протезов с двухслойным базисом;2
люминиры на зубы crocodent;2
можно мыть съемный протез из термопластика с мылом;2
для съемных зубных протезов какая щётка нужна;2
оттенки белых зубов;2
замковое крепление бюгельных протезов;2
таблетки для очистки зубных протезов;2
при льготном протезирование ставят только худшие протезы;2
виниры е-мах срок службы реальные отзывы;2
как получить квоту на зубы;2
можно ли сделать импланты зубов по омс бесплатно;2
ультразвук для чистки протезов;2
зубные коронки по омс;2
моднл ли в вставить зубы по полису;2
ставится ли мост на один зуб;2
таблетки для очистки протезов из термопласта;2
какие таблетки больше подходят для чистки про езов где присутствует металл;2
какие бесплатные съемные протезы сейчас делают в поликлиниках? из какого материала?;2
фото прилегания коронок к десне;2
может ли перекись водорода ополаскиватели для рта навредить протезу из циркония;2
можно ли взять квоту на протезирование зубов дистанциооно;2
можно ли очищать таблетками протефикс или корега бюгельные протезы;2
какие коронки ставят ветеранам труда бесплатно в новосибирске фото;2
протезирование зубов бесплатно что подходит;2
паста зубная для протезов;2
сколько ходят с винирами;2
что дешевле коронка или виниры;2
какой пастой чистить искусственные зубы;2
сэндвич на зубы;2